row_id,Team,Opponent,games_played_before_date,opponent_games_played_before_date,win_pct_before_date,opponent_win_pct_before_date,llm_prediction
5152,Arizona,UC Riverside,0,1,0.0,0.0,1
3368,Georgia,Oklahoma,26,25,0.7692307692307693,0.76,1
2626,Detroit Mercy,Northern Ky.,13,16,0.3076923076923077,0.3125,0
5035,Butler,Seton Hall,29,28,0.3793103448275862,0.6428571428571429,0
4730,Morehead St.,UT Martin,24,22,0.625,0.5454545454545454,1
3055,Pepperdine,South Dakota,10,11,0.7,0.7272727272727273,0
982,Pepperdine,Portland,20,20,0.55,0.55,1
143,Iowa St.,Northern Ill.,9,8,1.0,0.25,1
4523,Duke,Notre Dame,30,31,0.7333333333333333,0.7096774193548387,1
4106,Austin Peay,Chattanooga,3,5,0.6666666666666666,0.4,1
2175,Cal Baptist,Southern Utah,30,29,0.6666666666666666,0.6551724137931034,1
1442,Georgia St.,Marshall,27,29,0.3333333333333333,0.7586206896551724,0
3551,Charleston,William & Mary,25,25,0.84,0.52,1
5070,Le Moyne,SFU,24,22,0.25,0.0909090909090909,1
2601,North Dakota St.,St. Thomas,18,19,0.8888888888888888,0.4736842105263157,1
4196,Miami (FL),Virginia,22,22,0.5454545454545454,0.6818181818181818,0
4833,Elon,Tulane,5,5,0.4,0.4,1
5921,Boston U.,Dartmouth,1,0,0.0,0.0,1
4247,Morehead St.,UT Martin,15,13,0.4666666666666667,0.5384615384615384,0
660,Oklahoma St.,Tulsa,12,9,0.8333333333333334,0.6666666666666666,1
4823,South Carolina St.,UNCA,8,7,0.25,0.2857142857142857,0
5675,Arizona St.,McNeese,8,7,1.0,0.7142857142857143,1
4229,Arizona St.,Kansas,18,18,0.8888888888888888,0.6111111111111112,1
4309,Butler,Milwaukee,5,6,0.4,0.3333333333333333,1
5922,Alabama A&M,Southern U.,31,30,0.7096774193548387,0.5666666666666667,1
5042,App. St.,Ga. Southern,27,27,0.4074074074074074,0.7777777777777778,0
5538,Jacksonville St.,Louisiana Tech,25,24,0.48,0.7916666666666666,0
572,Cumberlands (KY),Tennessee Tech,0,0,0.0,0.0,1
2949,Illinois St.,Murray St.,26,26,0.6153846153846154,0.8846153846153846,0
2843,Nebraska,USC,12,12,1.0,0.75,1
130,Cal St Northridge,Life Pacific,5,0,0.4,0.0,1
1224,Marshall,Old Dominion,19,18,0.7894736842105263,0.6111111111111112,1
134,North Texas,Oklahoma Christian,0,0,0.0,0.0,1
4890,Grand Canyon,Utah St.,26,25,0.3461538461538461,0.24,1
2971,Colorado,Houston,24,23,0.6666666666666666,0.3043478260869565,1
3570,Oregon St.,Pacific,26,24,0.6538461538461539,0.4166666666666667,1
1848,Ohio,Wright St.,4,6,0.5,0.6666666666666666,0
3714,Fordham,Saint Peter's,2,1,0.5,0.0,1
2332,Hampton,Wake Forest,1,2,1.0,1.0,1
4266,Portland,San Francisco,13,12,0.5384615384615384,0.5833333333333334,0
5296,Tarleton St.,Utah Valley,29,29,0.4482758620689655,0.5517241379310345,0
5228,Baylor,Utah,18,17,0.8333333333333334,0.7647058823529411,1
1900,Indiana,Rutgers,28,27,0.5357142857142857,0.3333333333333333,1
5437,Georgetown,Providence,24,26,0.5,0.4615384615384615,1
3935,Charleston,Hofstra,31,32,0.8387096774193549,0.34375,1
840,Kent St.,West Virginia,1,1,0.0,1.0,0
5732,Austin Peay,Stetson,13,14,0.7692307692307693,0.5714285714285714,1
2861,Eastern Mich.,Indiana,9,11,0.6666666666666666,0.8181818181818182,0
2730,SE Missouri St,Western Ill.,31,29,0.4516129032258064,0.8275862068965517,0
2070,NC State,Virginia,19,19,0.6842105263157895,0.7368421052631579,0
5018,Ohio,UMBC,31,30,0.5806451612903226,0.5333333333333333,1
3787,Michigan,UCLA,23,23,0.8695652173913043,0.9565217391304348,0
1453,NC State,Virginia Tech,23,24,0.6956521739130435,0.75,0
1746,Iowa St.,TCU,27,28,0.7777777777777778,0.8571428571428571,0
2433,North Florida,West Ga.,13,13,0.3846153846153846,0.6153846153846154,0
3034,Syracuse,Wake Forest,14,15,0.8571428571428571,0.8,1
2579,North Florida,West Ga.,22,22,0.3636363636363636,0.6363636363636364,0
4734,New Orleans,TAMUCC,21,20,0.0476190476190476,0.2,0
3925,Missouri St.,UTA,1,1,1.0,0.0,1
4958,Lafayette,Loyola (MD),12,12,0.3333333333333333,0.4166666666666667,0
5127,Houston Christian,Rice,9,12,0.4444444444444444,0.75,0
1330,Houston Christian,McNeese,20,22,0.3,0.8181818181818182,0
1515,Alabama A&M,Minnesota,9,9,0.3333333333333333,0.6666666666666666,0
14,Incarnate Word,Texas,0,0,0.0,0.0,1
5010,Delaware St.,Penn,2,1,0.5,1.0,0
5047,North Florida,Queens (NC),26,26,0.3076923076923077,0.3461538461538461,0
1521,Hampton,Livingstone,7,0,0.5714285714285714,0.0,1
1831,Butler,Marquette,9,8,0.4444444444444444,0.625,0
1718,Barton,William & Mary,0,1,0.0,0.0,1
828,Kent St.,Ohio St.,5,3,0.6,0.6666666666666666,0
3233,East Texas A&M,New Orleans,11,12,0.4545454545454545,0.0,1
675,Northern Ariz.,UC Irvine,3,3,0.3333333333333333,0.3333333333333333,1
4934,Iona,Saint Peter's,18,17,0.6111111111111112,0.1764705882352941,1
5618,North Texas,SMU,4,4,0.75,0.25,1
2839,Dayton,George Mason,12,12,0.5833333333333334,0.5,1
1051,Missouri St.,Stephen F. Austin,34,34,0.6470588235294118,0.7352941176470589,0
5303,Clemson,Duke,31,29,0.6774193548387096,0.7241379310344828,0
5493,Dartmouth,Merrimack,4,6,0.75,0.3333333333333333,1
1336,Cal Baptist,UTA,21,20,0.6190476190476191,0.4,1
1749,Furman,Mercer,27,26,0.5925925925925926,0.5769230769230769,1
2563,Longwood,Winthrop,24,26,0.75,0.4230769230769231,1
5438,Houston Christian,Nicholls St.,22,22,0.2727272727272727,0.5,0
4234,Texas St.,Troy,16,17,0.4375,0.8235294117647058,0
4457,Marist,Mt. St. Mary's,10,9,0.3,0.4444444444444444,0
2464,Liberty,Richmond,8,10,0.75,0.7,1
4083,Drake,Lindenwood,6,8,0.1666666666666666,0.75,0
1989,Miss. St.,Pitt,8,10,0.875,0.6,1
5097,Cal St Northridge,Long Beach State,16,16,0.375,0.0625,1
5029,Butler,Georgetown,30,29,0.4,0.4482758620689655,0
683,Cal Poly,Stanford,1,2,1.0,1.0,1
4835,Alcorn St.,Providence,6,6,0.3333333333333333,0.6666666666666666,0
4887,Auburn,Kentucky,28,28,0.5,0.7142857142857143,0
4255,Columbia,Cornell,13,12,0.6923076923076923,0.3333333333333333,1
1790,Creighton,Providence,17,19,0.4117647058823529,0.4736842105263157,0
12,Mercyhurst,Michigan St.,0,0,0.0,0.0,1
5722,Alcorn St.,Bethune-Cookman,16,18,0.4375,0.1666666666666666,1
144,Johnson/Wales-NC,Winthrop,0,9,0.0,0.5555555555555556,0
202,Detroit Mercy,Michigan,4,6,0.25,0.8333333333333334,0
528,Illinois,Wisconsin,24,24,0.6666666666666666,0.5416666666666666,1
1706,Missouri,Southern Ill.,4,2,0.75,0.5,1
3295,Butler,Indiana,4,4,0.5,1.0,0
3739,Fairfield,Sacred Heart,29,30,0.8620689655172413,0.4333333333333333,1
170,Ball St.,Buffalo,16,15,0.75,0.1333333333333333,1
4821,Loyola (MD),Towson,8,8,0.125,0.5,0
4587,Old Dominion,Texas St.,20,18,0.6,0.4444444444444444,1
3845,La Salle,Saint Joseph's,15,15,0.6666666666666666,0.7333333333333333,0
3083,North Ala.,West Ala.,5,1,0.6,1.0,0
1941,North Dakota St.,South Dakota,19,20,0.8947368421052632,0.75,1
5154,George Washington,Illinois St.,35,35,0.5142857142857142,0.6285714285714286,0
3411,Bryant,Vermont,19,21,0.7368421052631579,0.7619047619047619,0
5464,Duquesne,George Washington,16,18,0.4375,0.5,0
2994,Columbia,Princeton,18,18,0.7222222222222222,0.9444444444444444,0
3382,James Madison,Massachusetts,25,20,0.68,0.8,0
5764,N.C. A&T,UNCW,27,27,0.4074074074074074,0.2222222222222222,1
5287,George Mason,Georgetown,3,2,0.6666666666666666,0.5,1
2223,Richmond,VCU,21,22,0.8095238095238095,0.3636363636363636,1
2033,UCLA,Washington,29,30,0.9655172413793104,0.7,1
539,Michigan,Oregon,11,14,0.9090909090909092,0.8571428571428571,1
3482,Campbell,North Dakota St.,7,5,0.5714285714285714,0.6,0
2762,Grand Canyon,UNLV,24,24,0.375,0.6666666666666666,0
2768,Rhode Island,Saint Louis,22,25,0.9090909090909092,0.44,1
3688,Alabama A&M,Ball St.,6,7,0.1666666666666666,0.8571428571428571,0
3870,Montana St.,Oregon,8,11,0.75,0.9090909090909092,0
451,Louisville,New Hampshire,10,9,0.7,0.3333333333333333,1
519,Gonzaga,Portland,30,29,0.7333333333333333,0.5517241379310345,1
3823,Loyola Marymount,San Diego,19,21,0.631578947368421,0.3333333333333333,1
2761,Creighton,Villanova,25,25,0.48,0.8,0
3828,Belmont,Murray St.,18,17,0.6111111111111112,0.8823529411764706,0
4091,Hawaii,Lindenwood,5,6,0.8,0.6666666666666666,1
5835,Morehead St.,SIU Edwardsville,14,13,0.4285714285714285,0.6153846153846154,0
2455,Davidson,High Point,11,11,0.6363636363636364,0.9090909090909092,0
1008,UNI,Valparaiso,11,12,0.4545454545454545,0.0,1
5255,Canisius,Saint Peter's,9,9,0.2222222222222222,0.1111111111111111,1
3991,North Dakota,UMKC,24,23,0.25,0.3043478260869565,0
5559,New Mexico,Wyoming,22,21,0.6818181818181818,0.3809523809523809,1
3363,Florida,Miss. St.,27,26,0.5555555555555556,0.6923076923076923,0
3487,Central Conn St,St. John's (NY),4,5,0.0,0.8,0
4410,North Texas,UTSA,20,18,0.55,0.5,1
4550,Little Rock,UT Martin,26,26,0.5,0.5,1
2959,North Florida,Stetson,25,25,0.32,0.64,0
4278,Elon,Longwood,8,11,0.375,0.6363636363636364,0
5045,Alabama St.,Florida A&M,25,25,0.52,0.28,1
4388,Howard,Md.-East. Shore,25,26,0.72,0.5384615384615384,1
2717,Kentucky,West Virginia,34,34,0.7058823529411765,0.8235294117647058,0
247,Missouri,Troy,5,4,0.8,0.75,1
5991,Mercer,UNCA,0,0,0.0,0.0,1
3058,LIU,Mass.-Lowell,9,10,0.4444444444444444,0.4,1
684,UMKC,William Jewell,1,0,0.0,0.0,1
2876,Brown,Stonehill,8,6,0.625,0.5,1
1596,Nevada,UNLV,26,26,0.3076923076923077,0.6538461538461539,0
1815,Louisiana,Troy,12,12,0.0833333333333333,0.8333333333333334,0
629,Illinois,SE Missouri St,0,0,0.0,0.0,1
3615,Holy Cross,Lafayette,16,16,0.5625,0.4375,1
3402,Eastern Ill.,SE Missouri St,22,20,0.1363636363636363,0.35,0
142,Davis & Elkins,Marshall,0,10,0.0,0.7,0
2877,Furman,Presbyterian,8,9,0.375,0.2222222222222222,1
3614,Alabama,Tennessee,19,15,0.8947368421052632,0.8,1
873,Tennessee St.,Western Ill.,22,22,0.1363636363636363,0.8636363636363636,0
5882,Carnegie Mellon,SFU,0,4,0.0,0.0,1
4366,Mt. St. Mary's,Sacred Heart,27,27,0.4814814814814814,0.4444444444444444,1
1314,Delaware,Missouri St.,26,26,0.4615384615384615,0.5769230769230769,0
394,Miss. St.,Oklahoma,15,14,0.9333333333333332,0.9285714285714286,1
464,Chattanooga,Florida,1,1,1.0,1.0,1
2615,Cal Baptist,Utah Tech,16,12,0.5625,0.4166666666666667,1
4900,Furman,UNCG,25,25,0.6,0.52,1
1855,Northern Ariz.,Pepperdine,4,3,0.25,0.6666666666666666,0
3807,Lindenwood,Morehead St.,22,22,0.7272727272727273,0.5909090909090909,1
5214,New Haven,SFU,18,18,0.2777777777777778,0.1111111111111111,1
1544,Nebraska,North Dakota St.,3,3,1.0,0.6666666666666666,1
1644,Northern Ky.,Robert Morris,18,15,0.3888888888888889,0.7333333333333333,0
5517,FDU,Iowa,34,32,0.8823529411764706,0.8125,1
4689,Iona,Mercy,0,0,0.0,0.0,1
214,Houston,West Virginia,11,12,0.5454545454545454,0.8333333333333334,0
1095,Cal Baptist,Utah Valley,20,18,0.6,0.5,1
5099,Butler,Providence,17,18,0.4117647058823529,0.5,0
2888,Florida,Memphis,7,7,0.8571428571428571,0.5714285714285714,1
4978,SFU,Xavier,8,10,0.0,0.7,0
2631,Cal Poly,UC San Diego,12,11,0.1666666666666666,0.5454545454545454,0
880,Minnesota,Penn St.,20,21,0.7,0.3333333333333333,1
287,Syracuse,UConn,32,35,0.75,1.0,0
3502,Duke,Liberty,4,3,0.5,0.6666666666666666,0
4510,Delaware St.,Felician,0,0,0.0,0.0,1
206,Nelson,North Texas,1,2,0.0,1.0,0
263,Chicago St.,LIU,31,29,0.2903225806451613,0.6551724137931034,0
5640,South Ala.,Southern Miss.,27,28,0.3703703703703703,0.5,0
5551,Delaware St.,N.C. Central,22,20,0.1818181818181818,0.25,0
4811,UMKC,Utah Valley,9,8,0.2222222222222222,0.625,0
1096,Boston College,Louisville,21,21,0.1904761904761904,0.8571428571428571,0
3650,Michigan St.,Rutgers,12,12,0.9166666666666666,0.6666666666666666,1
2036,Illinois,Minnesota,28,28,0.6785714285714286,0.75,0
4573,Miami (FL),Syracuse,21,21,0.5714285714285714,0.8095238095238095,0
1826,North Dakota,Western Ky.,10,9,0.1,0.3333333333333333,0
3241,Albany (NY),Vermont,13,15,0.7692307692307693,0.7333333333333333,1
2406,Alabama St.,Prairie View,17,18,0.3529411764705882,0.1111111111111111,1
4397,Brown,Yale,19,20,0.631578947368421,0.25,1
4032,Saint Mary's,Washington St.,18,19,0.6111111111111112,0.1578947368421052,1
3858,Northeastern,UNCW,10,11,0.4,0.3636363636363636,1
2933,Marshall,South Ala.,31,32,0.7419354838709677,0.46875,1
527,Indiana,UCLA,26,25,0.5384615384615384,0.96,0
1364,Alabama,South Carolina,14,14,1.0,0.9285714285714286,1
6014,Binghamton,Bryant,29,29,0.6206896551724138,0.6206896551724138,1
661,DePaul,Michigan St.,11,9,0.2727272727272727,0.8888888888888888,0
4012,Arizona,Arizona St.,19,21,0.5263157894736842,0.8095238095238095,0
5784,Hawaii,UC Irvine,19,20,0.5263157894736842,0.85,0
2513,Nicholls St.,UTEP,1,1,1.0,1.0,1
4310,High Point,Houston,5,5,1.0,0.6,1
4762,Bethune-Cookman,MVSU,17,16,0.1764705882352941,0.1875,0
1865,Bucknell,Virginia,1,1,0.0,1.0,0
3040,Illinois,Maryland,13,14,0.9230769230769232,1.0,0
1933,New Mexico St.,UTEP,20,19,0.35,0.4736842105263157,0
812,Fort Wayne,Northern Ky.,13,14,0.6923076923076923,0.2142857142857142,1
1514,Ga Tech,West Virginia,10,10,0.4,0.8,0
5796,Stanford,Wake Forest,16,16,0.8125,0.75,1
5297,Idaho,Montana St.,33,31,0.8484848484848485,0.8064516129032258,1
4291,McNeese,Utah Tech,6,6,0.6666666666666666,0.6666666666666666,1
4556,Idaho,Idaho St.,25,24,0.8,0.7083333333333334,1
5861,Denver,South Dakota,22,23,0.4090909090909091,0.7391304347826086,0
3270,Cleveland St.,Oakland,9,8,0.7777777777777778,0.375,1
4993,Arizona,Southern U.,6,6,1.0,0.1666666666666666,1
5235,Chattanooga,Wofford,13,14,0.6153846153846154,0.4285714285714285,1
3904,Quinnipiac,Yale,3,3,0.3333333333333333,0.0,1
15,FIU,Florida National,10,0,0.6,0.0,1
4141,McNeese,UTRGV,31,32,0.8709677419354839,0.625,1
2531,Boise St.,Utah St.,29,27,0.7586206896551724,0.2222222222222222,1
4628,Lipscomb,Samford,10,13,0.3,0.3846153846153846,0
2325,Omaha,Utah St.,4,2,0.25,0.5,0
1922,Stanford,Virginia Tech,25,25,0.64,0.72,0
2958,Pacific,San Francisco,25,25,0.4,0.6,0
467,George Mason,Temple,0,0,0.0,0.0,1
3357,Boise St.,San Jose St.,27,27,0.7777777777777778,0.1481481481481481,1
2477,Gardner-Webb,Jackson St.,7,6,0.2857142857142857,0.1666666666666666,1
2149,American,Clemson,1,3,1.0,0.6666666666666666,1
5430,Idaho St.,Weber St.,27,29,0.6666666666666666,0.3103448275862069,1
6002,George Mason,Richmond,24,26,0.6666666666666666,0.8461538461538461,0
2279,Cal St Northridge,Northern Ariz.,9,11,0.5555555555555556,0.1818181818181818,1
971,American,Navy,22,21,0.2727272727272727,0.7142857142857143,0
5683,Hampton,Norfolk St.,3,6,0.3333333333333333,0.3333333333333333,1
535,Montana St.,Weber St.,18,20,0.7222222222222222,0.3,1
2148,Tennessee St.,UTA,3,3,0.0,0.3333333333333333,0
555,Howard,Purdue,7,5,0.8571428571428571,0.6,1
1421,LIU,Mercyhurst,30,30,0.6666666666666666,0.5,1
2141,Portland,USC,3,3,0.6666666666666666,0.6666666666666666,1
257,Towson,Virginia Tech,0,0,0.0,0.0,1
1965,Cincinnati,Kansas St.,13,14,0.3846153846153846,0.5,0
3884,Loyola (IL),Richmond,7,8,0.2857142857142857,0.75,0
2244,Long Beach State,UC Riverside,15,15,0.0666666666666666,0.3333333333333333,0
878,Iona,Merrimack,21,19,0.6190476190476191,0.5263157894736842,1
4598,Grand Canyon,Nevada,16,16,0.25,0.4375,0
472,Nebraska,Rutgers,28,28,0.6071428571428571,0.3214285714285714,1
3432,Buffalo,Ohio,14,13,0.1428571428571428,0.6923076923076923,0
4107,Long Beach State,San Francisco,4,4,0.0,0.5,0
3924,East Carolina,Liberty,1,1,1.0,1.0,1
4299,Md.-East. Shore,Mt. St. Mary's,8,5,0.5,0.4,1
3586,Ohio St.,Washington,23,22,0.8695652173913043,0.7727272727272727,1
2078,Ball St.,Western Mich.,17,15,0.7647058823529411,0.3333333333333333,1
3512,Davidson,William & Mary,1,0,0.0,0.0,1
3132,Incarnate Word,UTRGV,28,30,0.4642857142857143,0.6,0
4330,Cal St. Chico,Saint Mary's,0,1,0.0,1.0,0
5497,Arizona St.,Little Rock,6,4,1.0,0.25,1
1974,Incarnate Word,New Orleans,8,9,0.375,0.0,1
1369,San Jose St.,Wyoming,10,9,0.1,0.3333333333333333,0
2948,Morehead St.,Southern Ind.,29,27,0.5862068965517241,0.7037037037037037,0
4246,Kennesaw St.,Missouri St.,13,14,0.6153846153846154,0.6428571428571429,0
311,Maryland,UCLA,19,17,0.8947368421052632,0.9411764705882352,0
2404,Rutgers,Washington,19,19,0.4736842105263157,0.7894736842105263,0
1869,Coppin St.,Lincoln (PA),1,0,0.0,0.0,1
1969,Arizona St.,Colorado,13,12,1.0,0.75,1
3647,Eastern Ky.,Hampton,12,11,0.6666666666666666,0.5454545454545454,1
1170,Akron,Notre Dame,2,2,0.0,1.0,0
5577,Clemson,Ga Tech,17,17,0.7058823529411765,0.4117647058823529,1
4613,Hawaii,UC San Diego,13,12,0.4615384615384615,0.5833333333333334,0
1833,Oregon,UCLA,10,9,1.0,0.8888888888888888,1
863,Bellarmine,Lipscomb,29,27,0.0689655172413793,0.3333333333333333,0
2027,Montana,Montana St.,30,29,0.3,0.7931034482758621,0
1829,Boston College,Bryant,12,10,0.3333333333333333,0.7,0
98,Texas Southern,West Virginia,7,9,0.4285714285714285,0.7777777777777778,0
227,Tex. A&M Int'l,Texas Southern,0,1,0.0,1.0,0
2753,Morehead St.,Western Ill.,28,26,0.6071428571428571,0.8461538461538461,0
3941,Austin Peay,Stetson,30,30,0.6,0.6666666666666666,0
4346,Elon,UNCW,29,28,0.4827586206896552,0.2142857142857142,1
4219,New Orleans,Nicholls St.,17,16,0.0588235294117647,0.5,0
4988,McNeese,Nevada,8,9,0.625,0.4444444444444444,1
4466,Cornell,Lehigh,8,8,0.5,0.375,1
2240,Evansville,Indiana St.,17,16,0.2352941176470588,0.3125,0
773,Iowa St.,Oklahoma St.,28,29,0.75,0.7241379310344828,1
29,Cincinnati,West Virginia,29,29,0.3793103448275862,0.7931034482758621,0
991,American,Navy,15,15,0.2666666666666666,0.6,0
3847,Alabama A&M,Jackson St.,14,13,0.3571428571428571,0.1538461538461538,1
5689,Eastern Ky.,North Dakota,3,3,0.6666666666666666,0.0,1
1564,Illinois St.,UTRGV,33,34,0.6060606060606061,0.6176470588235294,0
2456,Florida,Florida A&M,12,8,0.8333333333333334,0.0,1
5468,Idaho St.,Northern Ariz.,14,16,0.6428571428571429,0.375,1
620,Charleston So.,East Carolina,2,2,0.0,0.5,0
1122,Central Mich.,Ohio,11,10,0.6363636363636364,0.6,1
429,San Diego St.,San Jose St.,17,20,0.8235294117647058,0.15,1
4169,Maine,New Hampshire,26,26,0.5384615384615384,0.3076923076923077,1
4230,FIU,UTEP,15,16,0.6,0.5625,1
2826,Florida,South Carolina,16,15,0.75,0.9333333333333332,0
4018,Pacific,San Francisco,19,19,0.4210526315789473,0.631578947368421,0
5635,Jacksonville St.,New Mexico St.,28,27,0.4642857142857143,0.3333333333333333,1
1066,Ole Miss,South Carolina,28,28,0.75,0.9285714285714286,0
2268,Canisius,Sacred Heart,12,13,0.1666666666666666,0.3846153846153846,0
1830,Hofstra,Marywood,7,0,0.1428571428571428,0.0,1
1161,N.C. A&T,UNC,5,4,0.4,0.75,0
3580,Kansas,Texas Tech,25,25,0.6,0.88,0
3567,Kent St.,Northern Ill.,24,25,0.4583333333333333,0.2,1
1001,Colorado St.,Fresno St.,14,14,0.8571428571428571,0.5,1
5011,Cal St Northridge,San Diego,1,2,1.0,0.5,1
3326,Pepperdine,UC Davis,31,33,0.6129032258064516,0.696969696969697,0
864,North Texas,UTSA,27,25,0.5925925925925926,0.48,1
1042,Nw University,Seattle,1,1,0.0,0.0,1
1710,Maine,VCU,2,2,0.0,0.5,0
4796,Auburn,Jackson St.,13,11,0.7692307692307693,0.1818181818181818,1
4063,Arizona St.,Gonzaga,12,10,1.0,0.6,1
4154,Delaware,Middle Tenn.,28,27,0.4285714285714285,0.5185185185185185,0
4374,Howard,N.C. Central,26,24,0.7307692307692307,0.3333333333333333,1
4197,UCF,Utah,21,22,0.4761904761904761,0.6818181818181818,0
2490,Queens (NC),South Carolina St.,4,4,0.5,0.5,1
1136,Memphis,Murray St.,10,9,0.4,0.7777777777777778,0
302,Michigan St.,Western Mich.,3,3,1.0,0.3333333333333333,1
5026,Hofstra,Northeastern,28,27,0.25,0.2592592592592592,0
3597,Central Ark.,Stetson,20,20,0.55,0.6,0
42,Western Ill.,Westminster (MO),0,0,0.0,0.0,1
895,Coastal Caro.,Marshall,14,14,0.5,0.7857142857142857,0
3214,Southern Ind.,Tennessee St.,16,16,0.75,0.1875,1
4989,N.C. A&T,Norfolk St.,7,9,0.4285714285714285,0.3333333333333333,1
5634,Bucknell,Lehigh,27,26,0.3703703703703703,0.5769230769230769,0
737,Arizona,Chicago St.,9,10,0.7777777777777778,0.1,1
1556,Ga Tech,Radford,0,1,0.0,0.0,1
217,Butler,Indiana St.,10,7,0.4,0.5714285714285714,0
1692,Charlotte,George Washington,8,7,0.5,0.2857142857142857,1
4349,Charleston,Stony Brook,27,29,0.8148148148148148,0.5862068965517241,1
5536,LIU,Mercyhurst,25,25,0.68,0.4,1
1891,Ga Tech,Miami (FL),29,28,0.4137931034482758,0.5714285714285714,0
2103,High Point,UNCA,13,13,0.8461538461538461,0.3846153846153846,1
4995,Cincinnati,New Mexico,7,8,0.4285714285714285,0.75,0
2878,Idaho St.,Omaha,6,7,0.6666666666666666,0.1428571428571428,1
914,BYU,Portland,9,8,0.8888888888888888,0.5,1
1702,Arkansas St.,Central Ark.,4,3,0.5,0.3333333333333333,1
5568,Brown,Princeton,16,17,0.6875,0.9411764705882352,0
1875,James Madison,Kent St.,0,0,0.0,0.0,1
2578,Eastern Ill.,Tennessee Tech,24,22,0.1666666666666666,0.5454545454545454,0
1625,Missouri,Texas A&M,22,15,0.5909090909090909,0.5333333333333333,1
2720,Abilene Christ.,Cal Baptist,32,32,0.71875,0.6875,1
1155,Tennessee Tech,USC,5,5,0.8,0.6,1
5773,Canisius,Rider,25,25,0.16,0.24,0
917,St. Bonaventure,Valparaiso,8,7,0.75,0.0,1
5191,Mercer,Western Caro.,22,22,0.5909090909090909,0.1363636363636363,1
1328,Coppin St.,Delaware St.,24,21,0.25,0.1904761904761904,1
5391,Detroit Mercy,Robert Morris,8,9,0.375,0.7777777777777778,0
5949,Drexel,Hampton,23,24,0.6521739130434783,0.375,1
2772,North Dakota St.,UMKC,22,22,0.9090909090909092,0.3181818181818182,1
735,Eastern Wash.,UCSB,10,10,0.6,0.9,0
4487,Hawaii,Portland,3,5,1.0,0.4,1
1766,Cincinnati,Kansas,23,24,0.3478260869565217,0.5833333333333334,0
1411,Hofstra,Miami (FL),0,0,0.0,0.0,1
4082,Arkansas St.,Fla. Gulf Coast,8,6,0.625,0.3333333333333333,1
5379,Sacramento St.,Weber St.,14,14,0.4285714285714285,0.4285714285714285,1
1996,Green Bay,NC State,6,6,0.8333333333333334,0.5,1
2537,App. St.,Old Dominion,28,30,0.3928571428571428,0.5666666666666667,0
5998,Green Bay,Kansas St.,5,6,0.8,0.6666666666666666,1
532,Maine,Mass.-Lowell,21,21,0.4761904761904761,0.2857142857142857,1
3001,Gardner-Webb,High Point,20,19,0.3,0.8947368421052632,0
1303,Belmont,Southern Ill.,28,27,0.6071428571428571,0.3333333333333333,1
3013,UC Davis,UC Irvine,17,17,0.7058823529411765,0.8823529411764706,0
557,Alabama St.,Vanderbilt,5,4,0.2,1.0,0
3183,Louisiana,Old Dominion,22,23,0.0909090909090909,0.5652173913043478,0
5805,Bellarmine,East Tenn. St.,6,6,0.3333333333333333,0.1666666666666666,1
2204,Central Conn St,FDU,23,25,0.0,0.84,0
286,Eastern Wash.,Nw University,0,0,0.0,0.0,1
2177,Miami (OH),Ohio,30,28,0.8333333333333334,0.5714285714285714,1
5544,Butler,St. John's (NY),25,27,0.36,0.7037037037037037,0
5849,Drexel,Hofstra,30,31,0.7,0.3225806451612903,1
4336,Marshall,UMBC,32,31,0.71875,0.5483870967741935,1
304,FDU,Notre Dame,1,0,0.0,0.0,1
2196,Long Beach State,UC Irvine,24,25,0.125,0.84,0
4450,Nicholls St.,UTRGV,10,12,0.6,0.4166666666666667,1
843,Cincinnati,Lehigh,0,0,0.0,0.0,1
3826,Houston,Kansas St.,18,19,0.3333333333333333,0.5263157894736842,0
918,Occidental,UC San Diego,0,5,0.0,0.4,0
2140,Jackson St.,Mercer,3,4,0.3333333333333333,0.5,0
4554,Tennessee,Texas,22,26,0.7272727272727273,0.8846153846153846,0
5714,Pacific,Saint Mary's,23,25,0.391304347826087,0.56,0
388,Denver,North Dakota St.,20,20,0.45,0.9,0
443,Northwestern,Washington,12,12,0.5,0.8333333333333334,0
1377,UNCW,West Ga.,6,5,0.5,0.6,0
4133,Le Moyne,St. John's (NY),0,0,0.0,0.0,1
533,Arkansas,LSU,21,21,0.5238095238095238,0.9047619047619048,0
5078,Kennesaw St.,Sam Houston,19,18,0.5263157894736842,0.6666666666666666,0
4074,Idaho St.,Oral Roberts,7,9,0.7142857142857143,0.4444444444444444,1
4362,FDU,Le Moyne,28,28,0.8571428571428571,0.3571428571428571,1
3540,Lamar,Southeastern LA,28,28,0.6785714285714286,0.1785714285714285,1
5339,FIU,Middle Tenn.,21,22,0.6190476190476191,0.5454545454545454,1
5158,Liberty,Louisiana Tech,30,30,0.6,0.8333333333333334,0
2350,NW St.,UTRGV,31,31,0.5806451612903226,0.6129032258064516,0
4084,Illinois St.,UNI,8,6,0.5,0.3333333333333333,1
3790,North Texas,Temple,22,21,0.5454545454545454,0.4761904761904761,1
2355,Chattanooga,Furman,28,30,0.6785714285714286,0.6,1
2266,Stanford,UNC,15,16,0.8,0.8125,0
3804,Alcorn St.,Southern U.,18,19,0.5,0.5789473684210527,0
4663,Jacksonville St.,New Orleans,4,4,0.25,0.0,1
3135,Alabama,Texas,29,30,0.7241379310344828,0.9,0
1461,Lindenwood,SIU Edwardsville,23,22,0.6956521739130435,0.4545454545454545,1
3210,North Texas,UAB,18,18,0.5555555555555556,0.3888888888888889,1
3473,Northern Colo.,Omaha,9,8,0.7777777777777778,0.125,1
3092,Princeton,Villanova,1,3,1.0,0.6666666666666666,1
2976,Idaho St.,Northern Colo.,22,24,0.6818181818181818,0.7083333333333334,0
5956,Alabama A&M,Alabama St.,16,15,0.4375,0.3333333333333333,1
5492,Rhode Island,Saint Joseph's,8,7,0.75,0.8571428571428571,0
5513,UAB,West Ala.,0,0,0.0,0.0,1
1422,Jacksonville St.,UTEP,30,29,0.5,0.4482758620689655,1
2887,Cal Baptist,UCSB,5,5,1.0,0.8,1
3773,IU Indy,Youngstown St.,24,26,0.4583333333333333,0.6923076923076923,0
3566,Colorado St.,Nevada,26,25,0.7307692307692307,0.32,1
3498,Oregon St.,Utah St.,3,3,1.0,0.6666666666666666,1
2830,East Carolina,Memphis,14,14,0.6428571428571429,0.4285714285714285,1
3833,Oregon St.,Pepperdine,19,18,0.6842105263157895,0.6111111111111112,1
4911,Iona,Mt. St. Mary's,23,22,0.6086956521739131,0.4545454545454545,1
1418,Miami (OH),West Virginia,34,33,0.8235294117647058,0.8181818181818182,1
3816,SE Missouri St,Western Ill.,19,19,0.3684210526315789,0.8421052631578947,0
5833,Pepperdine,San Diego,16,18,0.625,0.3333333333333333,1
5936,TCU,West Virginia,17,17,0.9411764705882352,0.8235294117647058,1
4401,Southern Ind.,UT Martin,21,21,0.7142857142857143,0.5238095238095238,1
2262,Marshall,Old Dominion,16,15,0.8125,0.6666666666666666,1
2484,Lafayette,Pitt,6,6,0.5,0.6666666666666666,0
1767,FDU,Stonehill,23,21,0.8260869565217391,0.3809523809523809,1
1806,Austin Peay,North Florida,11,12,0.8181818181818182,0.4166666666666667,1
910,LSU,Louisiana Tech,10,8,1.0,0.625,1
4865,NJIT,Sacred Heart,0,0,0.0,0.0,1
1386,Duke,South Carolina,6,6,0.5,1.0,0
875,Louisiana Tech,UTEP,20,20,0.75,0.5,1
4893,Monmouth,William & Mary,24,23,0.6666666666666666,0.5652173913043478,1
1607,Charlotte,Wichita St.,23,23,0.4347826086956521,0.217391304347826,1
4506,Charlotte,UCF,2,1,0.5,1.0,0
1281,Alabama A&M,Ole Miss,1,1,1.0,1.0,1
916,Miami (FL),Oklahoma St.,6,8,0.8333333333333334,0.875,0
3795,Merrimack,Sacred Heart,21,22,0.5238095238095238,0.5,1
768,Louisiana Tech,New Mexico St.,27,28,0.8148148148148148,0.3214285714285714,1
1,Coastal Georgia,Ga. Southern,0,9,0.0,0.6666666666666666,0
1294,Holy Cross,Michigan,32,31,0.71875,0.8064516129032258,0
2393,San Francisco,Seattle,22,22,0.5909090909090909,0.2272727272727272,1
5905,Eastern Ill.,Morehead St.,20,20,0.15,0.55,0
4033,Boston U.,Lehigh,15,15,0.2666666666666666,0.5333333333333333,0
3378,Louisiana,Troy,24,24,0.125,0.7916666666666666,0
224,Eastern Ill.,Michigan St.,3,4,0.0,1.0,0
871,Florida St.,Miami (FL),23,23,0.3043478260869565,0.5217391304347826,0
4744,Army,Lehigh,19,18,0.7894736842105263,0.5555555555555556,1
1357,Oral Roberts,South Dakota,15,15,0.5333333333333333,0.7333333333333333,0
4936,Ark-Pine Bluff,Florida A&M,15,15,0.3333333333333333,0.2666666666666666,1
1299,Belmont,Valparaiso,29,29,0.6206896551724138,0.0,1
5729,North Ala.,North Florida,15,15,0.4,0.4,1
4149,Colorado St.,San Jose St.,30,30,0.7666666666666667,0.1333333333333333,1
2088,High Point,Radford,16,17,0.875,0.5294117647058824,1
2709,Colorado St.,Weber St.,0,0,0.0,0.0,1
4364,Loyola Marymount,San Francisco,27,27,0.7037037037037037,0.5925925925925926,1
20,La. Christian,Louisiana Tech,0,2,0.0,0.0,1
1995,Northeastern,Rutgers,7,7,0.4285714285714285,0.7142857142857143,0
3075,East Carolina,Illinois St.,6,6,0.3333333333333333,0.6666666666666666,0
3197,Long Beach State,UCSB,18,17,0.1111111111111111,0.8235294117647058,0
2743,New Orleans,Southeastern LA,27,26,0.1111111111111111,0.1538461538461538,0
2851,Tennessee Tech,UT Martin,10,10,0.8,0.5,1
2501,Kentucky,Marshall,4,3,1.0,0.6666666666666666,1
502,Florida St.,Notre Dame,10,7,0.4,0.7142857142857143,0
2804,Illinois,Northwestern,18,18,0.7777777777777778,0.4444444444444444,1
283,VU Lynchburg,Western Caro.,0,0,0.0,0.0,1
3414,Montana St.,Northern Colo.,16,19,0.75,0.7368421052631579,1
3042,Clemson,Virginia,14,13,0.7142857142857143,0.7692307692307693,0
5771,Quinnipiac,Sacred Heart,26,26,0.8076923076923077,0.4615384615384615,1
3985,Portland,Washington St.,24,26,0.5833333333333334,0.1923076923076923,1
3842,Mercyhurst,Wagner,14,14,0.0714285714285714,0.4285714285714285,0
818,Bethune-Cookman,Livingstone,8,1,0.125,0.0,1
3653,South Dakota St.,Texas,13,13,0.7692307692307693,1.0,0
842,New Paltz,Wagner,0,1,0.0,0.0,1
2525,Howard,South Carolina St.,30,29,0.7666666666666667,0.1724137931034483,1
1519,Cal St Fullerton,Hawaii,8,8,0.375,0.5,0
1493,Delaware,UTEP,12,11,0.5,0.7272727272727273,0
5980,Northern Ill.,SIU Edwardsville,4,4,0.0,0.75,0
2065,Belmont,Murray St.,20,21,0.6,0.8571428571428571,0
3030,Delaware St.,Howard,16,17,0.1875,0.6470588235294118,0
5817,Le Moyne,Wagner,31,29,0.3548387096774194,0.4482758620689655,0
2475,Baylor,Grambling,7,7,0.8571428571428571,0.1428571428571428,1
72,Oklahoma St.,Oral Roberts,3,2,1.0,1.0,1
2528,South Dakota St.,UMKC,30,29,0.8,0.2413793103448276,1
1246,South Ala.,Southern Miss.,10,11,0.7,0.6363636363636364,1
1262,Arizona,Northern Colo.,4,6,1.0,0.8333333333333334,1
5890,Alcorn St.,Jackson St.,24,25,0.5833333333333334,0.32,1
4389,Colgate,Navy,24,23,0.25,0.7391304347826086,0
3598,Chicago St.,SFU,21,19,0.1904761904761904,0.1052631578947368,1
401,Chestnut Hill,Drexel,1,9,0.0,0.6666666666666666,0
317,Chattanooga,S Wesleyan,12,0,0.5833333333333334,0.0,1
559,Kent St.,Niagara,4,2,0.5,0.0,1
4205,Charlotte,East Carolina,21,22,0.4285714285714285,0.6818181818181818,0
4172,NJIT,Vermont,27,29,0.6296296296296297,0.7586206896551724,0
3343,Florida,Georgia,30,29,0.5666666666666667,0.7241379310344828,0
733,New Mexico,UNLV,12,11,0.75,0.5454545454545454,1
5748,Nevada,Saint Mary's,3,4,0.6666666666666666,1.0,0
499,Grambling,Jarvis Christian,10,0,0.1,0.0,1
5911,Monmouth,UNCW,13,13,0.6923076923076923,0.3846153846153846,1
3558,Lindenwood,Tennessee Tech,28,26,0.75,0.5384615384615384,1
2527,Grand Canyon,Utah St.,30,29,0.4,0.2068965517241379,1
5293,Campbell,Charlotte,1,1,0.0,0.0,1
1569,Drake,Valparaiso,30,31,0.3666666666666666,0.0,1
396,Ga Tech,Notre Dame,14,12,0.3571428571428571,0.8333333333333334,0
1431,FDU,LIU,29,27,0.8620689655172413,0.6666666666666666,1
39,Wesleyan (GA),West Ga.,0,8,0.0,0.5,0
3992,Samford,UNCG,25,23,0.36,0.5652173913043478,0
489,Duke,Ga Tech,18,18,0.6666666666666666,0.4444444444444444,1
5758,Delaware St.,Md.-East. Shore,29,31,0.2413793103448276,0.5806451612903226,0
1726,FIU,South Fla.,0,0,0.0,0.0,1
1108,Dayton,Richmond,16,18,0.5625,0.7777777777777778,0
1014,Marquette,Truman St,11,0,0.6363636363636364,0.0,1
2858,Seton Hall,Washington St.,9,11,0.6666666666666666,0.0909090909090909,1
2377,SIU Edwardsville,Tennessee Tech,26,25,0.4615384615384615,0.56,0
2493,Cal,Harvard,4,4,0.75,0.5,1
1116,Loyola Marymount,San Francisco,14,14,0.5714285714285714,0.6428571428571429,0
5211,Cleveland St.,Youngstown St.,21,20,0.7142857142857143,0.65,1
5578,Arizona,UCF,15,15,0.6666666666666666,0.5333333333333333,1
4027,Saint Mary's,Santa Clara,19,20,0.5789473684210527,0.75,0
2955,Coastal Caro.,Old Dominion,28,28,0.4642857142857143,0.5714285714285714,0
1529,Boston College,Murray St.,9,6,0.4444444444444444,0.6666666666666666,0
4000,Ark-Pine Bluff,MVSU,18,18,0.3333333333333333,0.2222222222222222,1
5145,Albany (NY),St. Bonaventure,5,5,0.6,1.0,0
5182,Army,Loyola (MD),25,25,0.8,0.44,1
1595,Indiana St.,Southern Ill.,26,24,0.3076923076923077,0.375,0
5961,NW St.,Nicholls St.,12,11,0.5,0.6363636363636364,0
5238,Rider,Siena,14,13,0.1428571428571428,0.4615384615384615,0
4528,Alabama,Missouri,30,31,0.7,0.5161290322580645,1
2865,Iowa,Iowa St.,9,10,1.0,1.0,1
195,UTEP,Univ of the SW,10,0,0.7,0.0,1
5155,Md.-East. Shore,Youngstown St.,34,33,0.5882352941176471,0.7272727272727273,0
1736,Seattle,Washington St.,29,31,0.1724137931034483,0.2258064516129032,0
2975,Cleveland St.,Fort Wayne,25,24,0.68,0.625,1
4643,Merrimack,New Hampshire,7,8,0.4285714285714285,0.25,1
4146,Central Ark.,North Ala.,30,30,0.6666666666666666,0.5666666666666667,1
4475,South Carolina St.,Winthrop,7,8,0.2857142857142857,0.5,0
4368,Arizona St.,BYU,29,28,0.7586206896551724,0.6428571428571429,1
1563,Mansfield,St. Bonaventure,0,0,0.0,0.0,1
731,Florida St.,South Carolina St.,13,13,0.3076923076923077,0.2307692307692307,1
634,San Francisco,Santa Clara,28,30,0.5714285714285714,0.7333333333333333,0
4054,San Diego,Santa Clara,13,13,0.4615384615384615,0.7692307692307693,0
5076,Boston U.,Bucknell,20,20,0.35,0.3,1
2657,Florida,South Ala.,10,8,0.8,0.75,1
3376,FIU,Louisiana Tech,22,22,0.6363636363636364,0.7727272727272727,0
5013,Coastal Caro.,Miami (OH),0,0,0.0,0.0,1
3643,SIU Edwardsville,Southern Ind.,12,11,0.6666666666666666,0.7272727272727273,0
2760,Kentucky,Ole Miss,26,25,0.7307692307692307,0.8,0
3791,Penn,Princeton,20,20,0.65,0.9,0
3288,Marist,Monmouth,5,4,0.4,0.25,1
3260,Cal St Bakersfield,Seattle,9,9,0.2222222222222222,0.4444444444444444,0
405,TCU,UTEP,9,7,1.0,1.0,1
4184,Duquesne,Loyola (IL),23,23,0.3043478260869565,0.5217391304347826,0
3685,Stetson,UCF,7,8,0.7142857142857143,0.75,0
3063,Creighton,Tulsa,7,8,0.4285714285714285,0.75,0
1513,Texas Tech,Washington St.,10,10,1.0,0.1,1
1045,Binghamton,SUNY Geneseo,0,0,0.0,0.0,1
2118,James Madison,Notre Dame,11,9,0.7272727272727273,0.7777777777777778,0
4711,Hampton,Monmouth,25,25,0.36,0.68,0
4779,Cal St Bakersfield,UC Riverside,14,13,0.3571428571428571,0.3076923076923077,1
980,Austin Peay,Stetson,17,18,0.7058823529411765,0.6111111111111112,1
4722,IU Indy,Oakland,23,24,0.4347826086956521,0.3333333333333333,1
4933,Utah St.,Wyoming,17,17,0.3529411764705882,0.2941176470588235,1
5786,Rider,Saint Peter's,19,19,0.2105263157894736,0.2105263157894736,1
4056,Drake,Minnesota,10,11,0.2,0.7272727272727273,0
5019,Portland,Sam Houston,32,30,0.5625,0.6,0
5034,Eastern Mich.,Ohio,27,27,0.4444444444444444,0.5555555555555556,0
4929,SIU Edwardsville,Tennessee St.,18,17,0.4444444444444444,0.1764705882352941,1
4050,Portland St.,Weber St.,12,13,0.3333333333333333,0.4615384615384615,0
5839,Elon,UNCG,9,11,0.3333333333333333,0.5454545454545454,0
5972,Alabama A&M,Bethune-Cookman,19,20,0.5263157894736842,0.15,1
1986,Northwestern,Ohio St.,8,7,0.75,0.8571428571428571,0
5147,Baylor,UNLV,2,2,1.0,1.0,1
1828,Idaho,Utah St.,11,8,0.7272727272727273,0.375,1
2172,Cal Baptist,Tarleton St.,31,30,0.6774193548387096,0.4666666666666667,1
379,Oral Roberts,South Dakota St.,25,26,0.52,0.7692307692307693,0
5421,Iowa,Michigan,30,30,0.8333333333333334,0.8333333333333334,1
33,Davis & Elkins,Kent St.,1,10,0.0,0.4,0
751,Florida St.,Nicholls St.,3,2,0.6666666666666666,0.5,1
4589,Albany (NY),Maine,18,19,0.6111111111111112,0.4736842105263157,1
2134,Oregon St.,Virginia Tech,7,7,0.7142857142857143,0.7142857142857143,1
4394,Bucknell,Navy,23,22,0.391304347826087,0.7272727272727273,0
2483,Texas,UCLA,5,6,1.0,1.0,1
3006,Baylor,UCF,20,18,0.85,0.5555555555555556,1
2884,Army,Eastern Ky.,6,7,0.8333333333333334,0.8571428571428571,0
1433,Central Conn St,SFU,27,27,0.037037037037037,0.074074074074074,0
3016,Tulane,UAB,17,17,0.4117647058823529,0.4117647058823529,1
5417,Md.-East. Shore,Wake Forest,33,31,0.5757575757575758,0.4516129032258064,1
2106,Md.-East. Shore,Penn,15,11,0.4666666666666667,0.7272727272727273,0
3162,Purdue,Rutgers,24,24,0.4583333333333333,0.375,1
49,Austin Peay,Sewanee,0,0,0.0,0.0,1
5422,Manhattan,Quinnipiac,30,29,0.3666666666666666,0.8275862068965517,0
5280,Canisius,Dayton,5,4,0.0,0.5,0
381,Austin Peay,West Ga.,23,24,0.6086956521739131,0.625,0
2044,LSU,Ole Miss,26,27,0.8461538461538461,0.7777777777777778,1
5041,Central Ark.,North Ala.,28,27,0.6428571428571429,0.5555555555555556,1
5431,North Dakota St.,South Dakota St.,27,28,0.925925925925926,0.7857142857142857,1
979,Duquesne,Richmond,20,20,0.35,0.8,0
3046,Marquette,St. John's (NY),12,14,0.6666666666666666,0.7857142857142857,0
2747,Louisville,Virginia,28,26,0.8571428571428571,0.6923076923076923,1
1270,Creighton,Nebraska,2,2,0.5,1.0,0
4659,Charleston So.,Ga. Southern,5,5,0.2,0.4,0
1290,Arkansas St.,Radford,33,35,0.7272727272727273,0.6571428571428571,1
4633,Air Force,N.M. Highlands,9,1,0.5555555555555556,0.0,1
2164,Creighton,South Dakota St.,0,0,0.0,0.0,1
2866,San Diego,Wisconsin,10,10,0.4,0.7,0
3776,Charleston,Northeastern,22,21,0.8636363636363636,0.2857142857142857,1
3307,Gonzaga,Toledo,1,1,1.0,0.0,1
5626,Sam Houston,Southwestern Christian,0,0,0.0,0.0,1
2359,USC,Washington,29,29,0.5862068965517241,0.6896551724137931,0
3774,Columbia,Penn,22,22,0.7272727272727273,0.6363636363636364,1
882,Central Ark.,West Ga.,18,17,0.5555555555555556,0.7058823529411765,0
2260,SE Missouri St,Southern Ind.,13,13,0.3846153846153846,0.6923076923076923,0
2857,Cleveland St.,Northern Ky.,11,12,0.8181818181818182,0.25,1
1985,Lafayette,Marist,9,8,0.4444444444444444,0.25,1
2179,Cal St Fullerton,UC San Diego,28,28,0.5714285714285714,0.7142857142857143,0
5488,South Dakota St.,UNI,10,8,0.8,0.5,1
4445,Holy Cross,Navy,12,12,0.5833333333333334,0.5833333333333334,1
349,Central Ark.,Jacksonville,16,15,0.5625,0.6666666666666666,0
2883,Arkansas St.,Kent St.,7,8,0.5714285714285714,0.5,1
4804,Bethune-Cookman,William & Mary,11,10,0.1818181818181818,0.6,0
1367,James Madison,Marshall,13,13,0.6923076923076923,0.7692307692307693,0
2518,Illinois,Vanderbilt,33,32,0.6666666666666666,0.875,0
444,Butler,UConn,13,12,0.5384615384615384,1.0,0
5129,Louisiana,Texas St.,9,9,0.0,0.3333333333333333,0
2337,Bellarmine,Spalding,0,0,0.0,0.0,1
2270,Elon,Monmouth,12,11,0.4166666666666667,0.6363636363636364,0
5751,Loyola Marymount,Nevada,2,2,0.5,0.5,1
3207,LIU,Stonehill,17,17,0.5882352941176471,0.3529411764705882,1
1540,North Ala.,Tennessee St.,4,4,0.75,0.0,1
3675,Kent St.,Marshall,9,9,0.4444444444444444,0.6666666666666666,0
2043,MVSU,Texas Southern,24,26,0.2083333333333333,0.3461538461538461,0
2038,Illinois St.,Southern Ill.,27,25,0.5925925925925926,0.36,1
3450,Austin Peay,Jacksonville,10,11,0.8,0.7272727272727273,1
776,Charleston,Towson,24,25,0.8333333333333334,0.56,1
5246,Colorado St.,Grand Canyon,13,12,0.8461538461538461,0.1666666666666666,1
2347,North Texas,Tulsa,31,30,0.5806451612903226,0.6333333333333333,0
4024,High Point,Longwood,17,17,0.8823529411764706,0.7647058823529411,1
5867,Harvard,Penn,15,15,0.5333333333333333,0.6666666666666666,0
1267,East Carolina,High Point,3,3,0.6666666666666666,1.0,0
380,Alabama A&M,MVSU,24,22,0.625,0.1818181818181818,1
465,Bradley,Judson,0,0,0.0,0.0,1
4062,Ga. Southern,Georgia St.,10,11,0.7,0.3636363636363636,1
1430,South Fla.,Temple,29,28,0.6206896551724138,0.4642857142857143,1
5509,Chattanooga,Lipscomb,2,2,0.5,0.5,1
4245,Creighton,Marquette,15,15,0.4666666666666667,0.6666666666666666,0
1536,New Mexico,Texas Tech,6,6,0.8333333333333334,1.0,0
1666,Texas Southern,UTA,9,10,0.3333333333333333,0.5,0
1172,Georgetown,Maryland,1,2,1.0,1.0,1
4502,Campbell,Western Caro.,3,2,0.3333333333333333,1.0,0
5927,Belmont,Bradley,26,27,0.6153846153846154,0.6666666666666666,0
2795,Longwood,USC Upstate,19,20,0.6842105263157895,0.3,1
4926,Northeastern,William & Mary,16,16,0.375,0.5,0
5856,Le Moyne,Stonehill,27,25,0.3333333333333333,0.4,0
2661,Coppin St.,Marshall,8,8,0.125,0.625,0
2891,Penn,Saint Joseph's,5,5,0.8,0.8,1
3986,Davidson,George Washington,25,24,0.6,0.5416666666666666,1
3173,Alabama,Texas A&M,24,18,0.8333333333333334,0.4444444444444444,1
1651,Oregon St.,Pacific,15,13,0.6666666666666666,0.5384615384615384,1
977,Michigan St.,Purdue,20,20,0.9,0.55,1
3814,Austin Peay,North Florida,18,19,0.7222222222222222,0.3684210526315789,1
4694,Lamar,Stephen F. Austin,29,32,0.6896551724137931,0.71875,0
415,Cal St San Marcos,San Diego St.,1,1,0.0,0.0,1
3184,Sacramento St.,Weber St.,22,22,0.5,0.2727272727272727,1
4170,Idaho St.,Montana St.,26,25,0.6923076923076923,0.76,0
5110,McNeese,Nicholls St.,14,12,0.7142857142857143,0.5833333333333334,1
1332,Northwestern,USC,22,22,0.3636363636363636,0.5909090909090909,0
1121,Fresno St.,UNLV,13,12,0.5384615384615384,0.5833333333333334,0
5889,Gardner-Webb,USC Upstate,28,28,0.3928571428571428,0.3571428571428571,1
4615,Lamar,McNeese,11,13,0.5454545454545454,0.6923076923076923,0
4705,Furman,Wofford,28,27,0.5714285714285714,0.5925925925925926,0
3824,San Diego,San Francisco,20,18,0.35,0.6111111111111112,0
244,Bellarmine,Louisville,8,8,0.25,0.75,0
4294,Chicago St.,Pitt,7,8,0.1428571428571428,0.5,0
4200,Hawaii,Long Beach State,20,20,0.55,0.15,1
154,Centenary (LA),Southeastern LA,0,0,0.0,0.0,1
2523,Evansville,Illinois St.,33,32,0.2727272727272727,0.625,0
1189,Howard,Morgan St.,28,28,0.75,0.1428571428571428,1
5227,Army,Holy Cross,15,15,0.8,0.6,1
3620,Sacred Heart,Siena,15,15,0.4,0.4,1
4222,Colorado St.,Grand Canyon,19,18,0.7894736842105263,0.3333333333333333,1
2029,Ball St.,Toledo,30,28,0.8,0.5357142857142857,1
2584,Saint Peter's,Siena,21,21,0.2857142857142857,0.4285714285714285,0
3060,Arkansas,Missouri St.,11,10,0.7272727272727273,0.7,1
4068,BYU,Idaho St.,10,8,0.9,0.625,1
3657,New Mexico St.,Saint Mary's,10,12,0.3,0.6666666666666666,0
2848,Omaha,Weber St.,13,12,0.0769230769230769,0.4166666666666667,0
1940,Dayton,Rhode Island,19,19,0.5263157894736842,0.8947368421052632,0
66,Baylor,Southeastern LA,8,5,0.875,0.4,1
1977,Florida St.,Virginia Tech,12,12,0.3333333333333333,0.75,0
5520,UC Riverside,UCSB,30,29,0.3333333333333333,0.6896551724137931,0
3287,George Mason,Rider,6,5,0.6666666666666666,0.2,1
2293,Buffalo,Niagara,7,7,0.1428571428571428,0.0,1
347,Georgia St.,Troy,20,19,0.45,0.7894736842105263,0
4459,MVSU,Mercer,8,10,0.125,0.5,0
1238,Brevard,UNCA,0,12,0.0,0.3333333333333333,0
1712,Cal St Fullerton,Hope International,2,0,0.0,0.0,1
2048,Lindenwood,SE Missouri St,26,24,0.7307692307692307,0.3333333333333333,1
2824,Kentucky,Missouri,15,16,0.9333333333333332,0.75,1
5744,Arizona St.,UNLV,4,4,1.0,0.5,1
4658,Bucknell,Le Moyne,5,5,0.4,0.2,1
5117,Portland,Washington St.,14,15,0.5,0.1333333333333333,1
3167,Coppin St.,South Carolina St.,25,22,0.28,0.2272727272727272,1
3188,Little Rock,Tennessee Tech,20,19,0.5,0.5263157894736842,0
5178,East Tenn. St.,Western Caro.,26,26,0.5384615384615384,0.1153846153846153,1
1687,Vanderbilt,Virginia,8,8,1.0,0.75,1
608,Delaware St.,Maryland,10,11,0.3,1.0,0
5171,Montana,Northern Colo.,28,30,0.2857142857142857,0.7,0
3302,Utah,Washington,3,2,1.0,1.0,1
348,Purdue,UCLA,18,18,0.5555555555555556,0.9444444444444444,0
2434,Tennessee St.,Western Ill.,13,13,0.1538461538461538,0.8461538461538461,0
1031,Cal Baptist,Cal St Northridge,4,3,1.0,0.6666666666666666,1
3956,Little Rock,Southern Ind.,29,28,0.5172413793103449,0.6785714285714286,0
30,North Ala.,West Ga.,28,28,0.5357142857142857,0.6071428571428571,0
3150,Oklahoma St.,West Virginia,28,27,0.75,0.7777777777777778,0
4964,Oregon St.,Saint Mary's,14,14,0.6428571428571429,0.6428571428571429,1
4220,Omaha,South Dakota,21,19,0.0952380952380952,0.7368421052631579,0
2087,Boston College,Virginia Tech,18,17,0.2222222222222222,0.7058823529411765,0
1086,Bradley,Drake,20,19,0.65,0.3157894736842105,1
3488,Idaho St.,Loyola Marymount,5,4,0.8,0.25,1
5787,Liberty,Western Ky.,16,17,0.5,0.2941176470588235,1
5741,Campbell,North Florida,8,6,0.5,0.3333333333333333,1
3548,Kansas,Oklahoma St.,29,30,0.6206896551724138,0.7333333333333333,0
3009,Providence,Seton Hall,20,18,0.5,0.7222222222222222,0
5480,Austin Peay,Ill.-Chicago,7,11,0.7142857142857143,0.5454545454545454,1
148,King's (PA),Penn,0,0,0.0,0.0,1
5460,Alcorn St.,Prairie View,14,15,0.3571428571428571,0.1333333333333333,1
5954,Binghamton,New Hampshire,18,18,0.6666666666666666,0.3333333333333333,1
3220,South Dakota,St. Thomas,16,16,0.6875,0.5,1
3921,Fla. Atlantic,Kennesaw St.,1,1,1.0,1.0,1
2616,Clemson,NC State,16,15,0.6875,0.7333333333333333,0
3154,Houston,TCU,25,27,0.28,0.8518518518518519,0
3481,Charleston So.,Mercer,6,7,0.1666666666666666,0.5714285714285714,0
558,Georgia,North Florida,5,4,1.0,0.25,1
3634,Temple,Wichita St.,13,15,0.4615384615384615,0.2,1
5085,Davidson,George Mason,22,19,0.6818181818181818,0.6842105263157895,0
548,Maryland,Mt. St. Mary's,9,6,1.0,0.3333333333333333,1
4873,Iona,Quinnipiac,31,30,0.6451612903225806,0.8333333333333334,0
5389,Abilene Christ.,Montana,10,9,0.6,0.2222222222222222,1
4195,Mercer,UNCG,21,22,0.5714285714285714,0.5909090909090909,0
5892,Chattanooga,Western Caro.,23,25,0.6956521739130435,0.12,1
531,Richmond,Saint Louis,22,24,0.8181818181818182,0.4583333333333333,1
138,Illinois St.,Indiana St.,12,11,0.5,0.3636363636363636,1
978,Grand Canyon,Utah St.,20,19,0.3,0.3157894736842105,0
3157,Abilene Christ.,Tarleton St.,25,23,0.72,0.5217391304347826,1
642,Pepperdine,Seattle,21,20,0.5714285714285714,0.25,1
5752,Cornell,Pitt,1,2,0.0,0.5,0
3209,Holy Cross,Navy,17,16,0.5882352941176471,0.625,0
1398,Ball St.,Memphis,3,3,1.0,0.6666666666666666,1
5212,Alcorn St.,Florida A&M,17,17,0.4705882352941176,0.2941176470588235,1
2423,North Dakota St.,South Dakota St.,17,18,0.8823529411764706,0.7777777777777778,1
5479,Harvard,Maine,11,12,0.5454545454545454,0.3333333333333333,1
3251,Alabama A&M,Richmond,11,12,0.3636363636363636,0.75,0
4681,Albany (NY),Dartmouth,2,1,0.5,1.0,0
2868,Duquesne,Eastern Mich.,9,8,0.6666666666666666,0.625,1
487,Santa Clara,Seattle,21,18,0.7619047619047619,0.2777777777777778,1
495,Charleston So.,UNC,11,13,0.1818181818181818,0.7692307692307693,0
4772,Army,Boston U.,14,14,0.7857142857142857,0.2857142857142857,1
4315,Eastern Mich.,Fort Wayne,4,4,0.5,0.5,1
1657,Arkansas,Arkansas St.,14,13,0.7857142857142857,0.7692307692307693,1
4852,UTA,Wyoming,2,2,0.0,0.5,0
2828,Albany (NY),Mass.-Lowell,14,14,0.7142857142857143,0.4285714285714285,1
3080,Loyola (MD),Yale,6,5,0.0,0.0,1
1748,Akron,Kent St.,26,25,0.2692307692307692,0.48,0
521,Coastal Caro.,Georgia St.,29,28,0.4482758620689655,0.3214285714285714,1
2740,Akron,Miami (OH),28,28,0.25,0.8214285714285714,0
3744,Chicago St.,Stonehill,30,28,0.3,0.3928571428571428,0
1326,Boston College,Clemson,25,24,0.16,0.6666666666666666,0
530,Lindenwood,Little Rock,24,22,0.7083333333333334,0.5,1
3741,Campbell,Hampton,29,28,0.6206896551724138,0.3571428571428571,1
3766,Eastern Ky.,Stetson,28,26,0.7857142857142857,0.6538461538461539,1
517,Michigan,NC State,32,31,0.8125,0.6774193548387096,1
3862,Tennessee St.,Tennessee Tech,11,11,0.1818181818181818,0.8181818181818182,0
4010,Eastern Ky.,West Ga.,21,19,0.8095238095238095,0.6842105263157895,1
4279,Abilene Christ.,Texas Tech,9,11,0.6666666666666666,1.0,0
2706,Florida Tech,Jacksonville,0,1,0.0,1.0,0
3978,Houston Christian,New Orleans,23,24,0.2608695652173913,0.125,1
1870,Florida St.,Ga. Southern,1,1,1.0,1.0,1
4046,Md.-East. Shore,Morgan St.,17,16,0.4117647058823529,0.0625,1
2602,Merrimack,Quinnipiac,16,17,0.5,0.7647058823529411,0
2831,Bucknell,Lehigh,12,12,0.3333333333333333,0.4166666666666667,0
944,Akron,South Ala.,0,0,0.0,0.0,1
1524,Central Mich.,Michigan,7,7,0.7142857142857143,0.8571428571428571,0
5947,Auburn,Texas A&M,30,25,0.4666666666666667,0.56,0
3758,Cal,Miami (FL),28,26,0.6071428571428571,0.5384615384615384,1
5825,Green Bay,Youngstown St.,24,24,0.7916666666666666,0.7083333333333334,1
2133,Montana,Utah,5,7,0.2,0.5714285714285714,0
3338,High Point,USC Upstate,29,31,0.8275862068965517,0.3870967741935484,1
4249,Villanova,Xavier,15,15,0.8,0.6,1
5199,Colorado,West Virginia,22,23,0.6818181818181818,0.782608695652174,0
1192,Northern Ky.,Oakland,29,28,0.4827586206896552,0.3571428571428571,1
3088,Ark-Pine Bluff,Louisiana Tech,4,3,0.25,0.3333333333333333,0
326,Drake,Indiana St.,9,8,0.1111111111111111,0.5,0
1622,Auburn,South Carolina,21,22,0.6190476190476191,0.9090909090909092,0
3803,Colorado,Kansas,21,22,0.6666666666666666,0.5909090909090909,1
1864,Miami (OH),Oakland,2,2,1.0,0.5,1
601,Idaho,Western Ore.,12,0,0.6666666666666666,0.0,1
3563,Cal St Fullerton,UC Davis,25,26,0.6,0.7307692307692307,0
2300,High Point,Louisiana,6,5,0.8333333333333334,0.0,1
4783,Georgia,Texas A&M,15,10,0.9333333333333332,0.7,1
5585,Coppin St.,South Carolina St.,16,16,0.1875,0.1875,1
4856,Loyola (MD),Virginia Tech,2,1,0.0,1.0,0
483,Boston College,Syracuse,24,22,0.1666666666666666,0.8181818181818182,0
3949,Montana St.,Northern Ariz.,28,30,0.7857142857142857,0.3333333333333333,1
520,UNI,Valparaiso,26,27,0.5,0.0,1
3392,Morehead St.,SE Missouri St,23,21,0.6086956521739131,0.3809523809523809,1
3350,Delaware St.,South Carolina St.,26,26,0.1923076923076923,0.1923076923076923,1
3039,Le Moyne,SFU,13,11,0.1538461538461538,0.0,1
2796,Austin Peay,Fla. Gulf Coast,16,17,0.6875,0.5294117647058824,1
5705,Chattanooga,UNCG,24,27,0.7083333333333334,0.4814814814814814,1
2294,Monmouth,NJIT,6,9,0.3333333333333333,0.7777777777777778,0
1547,Coastal Caro.,Virginia Tech,4,3,0.5,1.0,0
241,Dillard,Norfolk St.,0,11,0.0,0.3636363636363636,0
965,Alabama St.,MVSU,22,21,0.4545454545454545,0.1904761904761904,1
2224,BYU,Utah,21,21,0.7142857142857143,0.7142857142857143,1
1034,Erskine,Presbyterian,1,4,0.0,0.25,0
4152,Memphis,UTSA,28,26,0.3214285714285714,0.4615384615384615,0
2426,Minnesota,UCLA,16,16,0.75,0.9375,0
5292,Harvard,St. John's (NY),0,1,0.0,1.0,0
3412,Charleston,UNCW,17,17,0.8235294117647058,0.2941176470588235,1
5435,TCU,West Virginia,26,26,0.8461538461538461,0.8076923076923077,1
725,Missouri,Texas,15,15,0.8,1.0,0
3151,Bradley,Murray St.,26,25,0.6923076923076923,0.88,0
1511,Chris. Newport,Navy,0,9,0.0,0.5555555555555556,0
5253,Baylor,Texas Tech,13,13,0.8461538461538461,1.0,0
1624,Creighton,St. John's (NY),20,22,0.4,0.7272727272727273,0
1700,Detroit Mercy,Wisconsin,3,6,0.3333333333333333,0.8333333333333334,0
3667,Illinois,Missouri,9,11,0.8888888888888888,0.8181818181818182,1
695,Central Mich.,Ohio,29,29,0.6206896551724138,0.5862068965517241,1
2132,Arizona,Cal St Bakersfield,5,6,1.0,0.3333333333333333,1
2972,Butler,Providence,24,25,0.375,0.44,0
1448,Cal Baptist,Utah Tech,25,22,0.64,0.2727272727272727,1
4092,Longwood,Stephen F. Austin,8,6,0.625,0.8333333333333334,0
3896,Colorado,VCU,5,5,0.8,0.6,1
4313,Denver,Regis (CO),5,0,0.4,0.0,1
4405,Binghamton,Bryant,20,20,0.7,0.7,1
5598,Colorado,Wyoming,9,7,0.6666666666666666,0.4285714285714285,1
3442,Oregon,USC,16,14,0.8125,0.7142857142857143,1
5688,Boston U.,Brown,4,3,0.5,0.3333333333333333,1
44,Kentucky Christian,Morehead St.,0,12,0.0,0.3333333333333333,0
5865,Arizona St.,West Virginia,19,19,0.8947368421052632,0.7894736842105263,1
308,UConn,Xavier,21,20,1.0,0.5,1
376,North Dakota,North Dakota St.,29,28,0.2413793103448276,0.8928571428571429,0
1525,Princeton,Seton Hall,8,4,0.875,1.0,0
4683,Marquette,Wisconsin,1,1,1.0,1.0,1
65,Crown (MN),St. Thomas,0,10,0.0,0.4,0
2716,Cleveland St.,Monmouth,33,32,0.7272727272727273,0.65625,1
4137,Missouri,Seton Hall,32,31,0.5,0.6129032258064516,0
1098,Iowa,Maryland,18,20,0.8888888888888888,0.85,1
4059,Coastal Caro.,Georgia St.,12,12,0.5,0.3333333333333333,1
3276,Davidson,Duquesne,8,8,0.625,0.75,0
4008,Alabama,Georgia,21,21,0.8571428571428571,0.8571428571428571,1
2374,Mt. St. Mary's,Niagara,25,25,0.48,0.0,1
3930,Ark-Pine Bluff,Memphis,0,0,0.0,0.0,1
4770,Maine,Vermont,17,18,0.4705882352941176,0.7222222222222222,0
5336,Miami (OH),Western Mich.,23,21,0.8260869565217391,0.3333333333333333,1
2635,Arizona,Colorado,12,13,0.75,0.6923076923076923,1
3853,Jacksonville St.,Middle Tenn.,13,13,0.5384615384615384,0.4615384615384615,1
3351,Bethune-Cookman,Grambling,28,27,0.2142857142857142,0.3703703703703703,0
509,TCU,UTRGV,5,5,1.0,0.6,1
5365,Grambling,Southern U.,17,15,0.2941176470588235,0.4666666666666667,0
2653,Eastern Ky.,Marshall,9,11,0.7777777777777778,0.7272727272727273,1
1772,Duke,Wake Forest,21,22,0.7142857142857143,0.5454545454545454,1
2243,Ark-Pine Bluff,Bethune-Cookman,14,16,0.2857142857142857,0.1875,1
2346,Evansville,Ill.-Chicago,31,31,0.2258064516129032,0.4516129032258064,0
113,Arkansas St.,South Ala.,16,14,0.8125,0.5714285714285714,1
4751,Penn,Yale,17,17,0.6470588235294118,0.2941176470588235,1
2189,Marquette,Xavier,27,27,0.5925925925925926,0.4074074074074074,1
5194,East Tenn. St.,Wofford,21,21,0.4761904761904761,0.5238095238095238,0
496,Jackson St.,Purdue,10,11,0.2,0.6363636363636364,0
1680,James Madison,VCU,10,8,0.7,0.375,1
3508,Central Mich.,Davenport,1,0,0.0,0.0,1
1391,Delaware St.,St. Mary's (MD),6,0,0.3333333333333333,0.0,1
5502,Fla. Atlantic,Florida,4,6,0.5,0.8333333333333334,0
949,Middle Tenn.,Missouri St.,29,30,0.5172413793103449,0.6333333333333333,0
2749,Delaware St.,Morgan St.,25,26,0.16,0.1538461538461538,1
4571,East Texas A&M,Stephen F. Austin,19,22,0.4736842105263157,0.6818181818181818,0
3719,Akron,Robert Morris,1,1,0.0,1.0,0
2734,Akron,Massachusetts,29,27,0.2413793103448276,0.7777777777777778,0
1142,Central Conn St,Vermont,7,10,0.0,0.7,0
5506,FDU,Rutgers,4,4,0.5,0.75,0
3698,Sacramento St.,UC Davis,6,5,0.8333333333333334,0.6,1
4104,Northeastern,Sacred Heart,5,4,0.2,0.25,0
2090,Incarnate Word,Lamar,13,13,0.4615384615384615,0.5384615384615384,0
125,Bellarmine,West Ga.,14,12,0.1428571428571428,0.5833333333333334,0
2228,Indiana St.,Valparaiso,19,20,0.3157894736842105,0.0,1
5276,Texas A&M,UTA,4,6,1.0,0.3333333333333333,1
678,Kentucky,USC Upstate,3,3,1.0,0.3333333333333333,1
5903,Manhattan,Sacred Heart,19,20,0.2631578947368421,0.5,0
3394,St. John's (NY),Xavier,24,22,0.7083333333333334,0.5,1
452,Tarleton St.,Texas A&M–San Antonio,8,0,0.5,0.0,1
5527,East Tenn. St.,Mercer,27,27,0.5555555555555556,0.5925925925925926,0
3779,UC Riverside,UCSB,23,22,0.3043478260869565,0.7272727272727273,0
3374,Kent St.,Ohio,23,23,0.4782608695652174,0.6086956521739131,0
1390,McNeese,West Virginia,4,5,0.75,1.0,0
2147,Cal St Bakersfield,San Diego St.,3,3,0.0,0.6666666666666666,0
1160,Cal Poly,Southern Utah,4,5,0.25,0.8,0
5504,Illinois St.,Loyola (IL),3,4,0.6666666666666666,0.25,1
5478,Delaware St.,Detroit Mercy,13,10,0.2307692307692307,0.3,0
3140,Coastal Caro.,James Madison,30,30,0.4666666666666667,0.7333333333333333,0
4204,Temple,Tulane,20,19,0.45,0.4210526315789473,1
2214,Drake,Illinois St.,22,22,0.2727272727272727,0.5909090909090909,0
2648,Toledo,Wayne St. (MI),8,0,0.375,0.0,1
4740,Columbia,Penn,19,19,0.7368421052631579,0.631578947368421,1
4292,Cornell,Wagner,7,6,0.5714285714285714,0.1666666666666666,1
5698,Air Force,Colorado St.,33,33,0.4848484848484848,0.7878787878787878,0
282,Manhattan,Minnesota,1,1,0.0,1.0,0
4322,Army,Siena,2,2,1.0,0.0,1
3681,Green Bay,Northern Ky.,8,9,0.625,0.3333333333333333,1
3321,Arkansas St.,Cleveland St.,35,35,0.7428571428571429,0.7428571428571429,1
861,Pacific,Santa Clara,27,29,0.4074074074074074,0.7241379310344828,0
3885,Duquesne,Navy,7,6,0.7142857142857143,0.8333333333333334,0
1642,Southern Utah,Tarleton St.,16,15,0.6875,0.4666666666666667,1
2953,Buffalo,Eastern Mich.,25,24,0.08,0.4583333333333333,0
2323,Columbia,Richmond,2,3,1.0,0.6666666666666666,1
2793,Central Conn St,Stonehill,18,18,0.0,0.3333333333333333,0
582,Montana St.,Portland St.,20,20,0.75,0.25,1
137,Michigan,Penn St.,14,15,0.8571428571428571,0.4666666666666667,1
4416,FIU,Sam Houston,16,16,0.625,0.6875,0
3194,Kennesaw St.,Louisiana Tech,18,18,0.5555555555555556,0.7222222222222222,0
5196,Green Bay,Robert Morris,23,22,0.782608695652174,0.6818181818181818,1
4408,North Ala.,Stetson,18,19,0.5,0.5789473684210527,0
3434,Binghamton,Vermont,14,17,0.6428571428571429,0.7647058823529411,0
704,N.C. A&T,Northeastern,24,23,0.375,0.3043478260869565,1
4616,Omaha,South Dakota St.,16,15,0.125,0.7333333333333333,0
4682,Central Conn St,Providence,1,1,0.0,0.0,1
5202,NC State,UNC,21,22,0.7142857142857143,0.7727272727272727,0
5657,Jacksonville St.,New Mexico St.,17,18,0.5294117647058824,0.3888888888888889,1
167,N.C. Central,Peace,18,0,0.2222222222222222,0.0,1
888,Cleveland St.,Wright St.,17,16,0.7058823529411765,0.375,1
4014,Evansville,UNI,19,18,0.2105263157894736,0.5555555555555556,0
5658,George Mason,St. Bonaventure,18,19,0.6666666666666666,0.631578947368421,1
2385,BYU,Colorado,25,25,0.68,0.68,1
5590,SE Missouri St,Western Ill.,12,12,0.4166666666666667,0.8333333333333334,0
2998,Jacksonville St.,UTEP,18,18,0.5555555555555556,0.5,1
161,BYU,Omaha,2,3,1.0,0.3333333333333333,1
3538,Cal,Syracuse,32,29,0.59375,0.7586206896551724,0
1867,Nebraska,Samford,1,1,1.0,1.0,1
994,Louisville,Pitt,18,17,0.8333333333333334,0.4705882352941176,1
2259,San Francisco,Santa Clara,15,17,0.6666666666666666,0.7647058823529411,0
2407,South Dakota St.,UMKC,20,20,0.75,0.3,1
4665,Houston,UTRGV,4,4,0.5,0.75,0
3594,American,Lafayette,20,20,0.25,0.4,0
2339,Northern Ill.,Southern Miss.,0,0,0.0,0.0,1
1675,Cal St Fullerton,Portland St.,9,9,0.4444444444444444,0.3333333333333333,1
4921,Houston Christian,UTRGV,18,20,0.2777777777777778,0.55,0
5169,Loyola (IL),St. Bonaventure,29,30,0.4482758620689655,0.5333333333333333,0
4677,Brown,Holy Cross,1,2,0.0,0.5,0
5917,Ill.-Chicago,Iona,7,6,0.5714285714285714,0.6666666666666666,0
5540,San Jose St.,Utah St.,26,24,0.1153846153846153,0.25,0
1393,Ball St.,Cincinnati,4,4,1.0,0.25,1
825,Southern U.,UCLA,4,5,0.25,1.0,0
1946,Louisiana Tech,Western Ky.,15,16,0.6666666666666666,0.3125,1
852,Louisville,Syracuse,31,30,0.8064516129032258,0.7666666666666667,1
2510,Minot St.,Montana St.,0,2,0.0,1.0,0
2314,Prairie View,Sam Houston,4,3,0.25,0.6666666666666666,0
4498,Canisius,St. Bonaventure,3,3,0.0,1.0,0
5870,Ark-Pine Bluff,Prairie View,12,13,0.25,0.1538461538461538,1
1370,New Mexico St.,UC Irvine,9,11,0.3333333333333333,0.8181818181818182,0
3369,Fort Wayne,Oakland,26,26,0.6153846153846154,0.3076923076923077,1
5401,Albany (NY),Sacred Heart,8,6,0.75,0.3333333333333333,1
4916,Houston Christian,TAMUCC,19,19,0.2631578947368421,0.2105263157894736,1
1196,Jacksonville,Queens (NC),25,25,0.72,0.36,1
4371,Nebraska,Washington,27,27,0.5925925925925926,0.7037037037037037,0
4175,Austin Peay,Central Ark.,24,26,0.5833333333333334,0.6153846153846154,0
2241,Richmond,VCU,19,18,0.7894736842105263,0.3333333333333333,1
3059,East Tenn. St.,Virginia Tech,11,11,0.3636363636363636,0.7272727272727273,0
5051,Delaware,FIU,25,24,0.48,0.625,0
3914,Claflin,East Tenn. St.,0,3,0.0,0.0,1
124,Bob Jones,Furman,2,14,0.0,0.5,0
5630,Bucknell,Colgate,29,29,0.3793103448275862,0.2068965517241379,1
5858,Holy Cross,Lafayette,25,25,0.64,0.36,1
1957,BYU,Houston,16,15,0.8125,0.4,1
159,Michigan,Purdue,8,8,0.875,0.625,1
4462,Monmouth,Saint Peter's,7,7,0.4285714285714285,0.1428571428571428,1
5643,Mass.-Lowell,New Hampshire,25,25,0.28,0.32,0
1035,Chicago St.,Western Ill.,4,2,0.25,1.0,0
1022,Norfolk St.,Shaw,8,1,0.25,0.0,1
1789,Northern Ariz.,Portland St.,18,16,0.3333333333333333,0.3125,1
1343,La Salle,St. Bonaventure,19,20,0.5263157894736842,0.6,0
1936,Murray St.,Southern Ill.,20,18,0.85,0.3333333333333333,1
223,Kentucky,Morgan St.,8,8,0.875,0.125,1
3074,Hawaii,Vermont,4,6,1.0,0.6666666666666666,1
1163,Middle Tenn.,Tennessee,4,4,0.5,0.75,0
1460,Georgia,Tennessee,22,19,0.8181818181818182,0.7368421052631579,1
398,Saint Mary (NE),South Dakota,1,13,0.0,0.6923076923076923,0
5699,Delaware St.,Md.-East. Shore,28,30,0.25,0.5666666666666667,0
2381,Illinois,Rutgers,25,25,0.68,0.36,1
5445,Duke,Louisville,22,24,0.7272727272727273,0.875,0
4002,Colgate,Lehigh,20,19,0.25,0.5263157894736842,0
962,Michigan,Michigan St.,25,25,0.84,0.8,1
3201,Ball St.,Miami (OH),19,19,0.7894736842105263,0.7894736842105263,1
3390,San Diego,Seattle,25,23,0.32,0.217391304347826,1
5450,Eastern Mich.,Western Mich.,19,18,0.5263157894736842,0.2777777777777778,1
4359,Holy Cross,Loyola (MD),27,27,0.6666666666666666,0.4444444444444444,1
4548,Longwood,USC Upstate,26,27,0.6923076923076923,0.3333333333333333,1
1180,Green Bay,Wis.-Stevens Point,0,0,0.0,0.0,1
2399,Akron,Buffalo,20,20,0.15,0.1,1
1892,American,Boston U.,27,27,0.2222222222222222,0.3333333333333333,0
3713,Cincinnati,Saint Joseph's,2,2,0.0,1.0,0
3699,Brown,Maine,4,4,0.5,0.25,1
3517,Bryant,Central Conn St,0,0,0.0,0.0,1
2678,Arkansas St.,Jackson St.,5,4,0.4,0.25,1
2629,Kent St.,Massachusetts,13,11,0.3846153846153846,0.8181818181818182,0
3200,Detroit Mercy,Green Bay,19,21,0.2105263157894736,0.7619047619047619,0
4399,Md.-East. Shore,Morgan St.,24,23,0.5416666666666666,0.1304347826086956,1
5600,Loyola (IL),Western Mich.,8,6,0.25,0.1666666666666666,1
1363,Buffalo,Western Mich.,12,11,0.1666666666666666,0.2727272727272727,0
6021,Rider,Saint Peter's,23,23,0.217391304347826,0.2608695652173913,0
4593,Fla. Gulf Coast,Queens (NC),16,16,0.5,0.4375,1
2932,Providence,Villanova,32,29,0.46875,0.7931034482758621,0
867,Bellarmine,North Ala.,27,25,0.074074074074074,0.52,0
593,Southern Ill.,UNI,12,13,0.25,0.5384615384615384,0
4094,Buffalo,Longwood,5,7,0.2,0.5714285714285714,0
3682,Butler,Seton Hall,8,5,0.5,0.8,0
5358,Army,Navy,18,17,0.8333333333333334,0.6470588235294118,1
1091,Omaha,South Dakota St.,22,21,0.0909090909090909,0.7619047619047619,0
5403,Southern Ill.,Western Ky.,5,6,0.2,0.3333333333333333,0
938,New Mexico St.,USC,0,0,0.0,0.0,1
5187,Cal St Bakersfield,Hawaii,23,22,0.3043478260869565,0.5454545454545454,0
5975,Bucknell,Loyola (MD),14,14,0.2857142857142857,0.3571428571428571,0
194,Akron,Ball St.,12,13,0.25,0.6923076923076923,0
5224,Campbell,Northeastern,17,14,0.5882352941176471,0.3571428571428571,1
1507,North Dakota St.,Pepperdine,10,9,0.8,0.7777777777777778,1
2265,Gonzaga,Santa Clara,16,16,0.6875,0.75,0
3578,Kansas St.,Oklahoma St.,25,25,0.52,0.76,0
3979,Louisiana Tech,Missouri St.,23,24,0.782608695652174,0.625,1
4809,Albany (NY),Vanderbilt,11,10,0.8181818181818182,1.0,0
1961,George Washington,Rhode Island,16,14,0.5625,0.8571428571428571,0
189,High Point,Vanderbilt,32,31,0.84375,0.8709677419354839,0
4948,Kentucky,Oklahoma,17,16,0.8823529411764706,0.875,1
2754,Cal St Northridge,UCSB,23,24,0.3478260869565217,0.7083333333333334,0
4881,Charlotte,Rice,29,29,0.4482758620689655,0.896551724137931,0
1351,Portland,Seattle,18,17,0.5555555555555556,0.2941176470588235,1
4813,North Texas-Dallas,Texas St.,1,8,0.0,0.25,0
1754,Duquesne,Fordham,24,25,0.3333333333333333,0.4,0
4706,Massachusetts,Western Mich.,26,26,0.7692307692307693,0.3461538461538461,1
1139,Ohio St.,Toledo,9,7,0.8888888888888888,0.4285714285714285,1
5407,East Tenn. St.,Memphis,5,5,0.2,0.4,0
3385,UNLV,Utah St.,22,22,0.6818181818181818,0.2727272727272727,1
3379,Arizona St.,Utah,25,24,0.76,0.6666666666666666,1
2232,Syracuse,UNC,19,21,0.8421052631578947,0.7619047619047619,1
3757,Drake,Ill.-Chicago,25,26,0.32,0.4615384615384615,0
1722,TAMUCC,Texas A&M,1,0,1.0,0.0,1
3322,Louisville,Michigan,36,33,0.8055555555555556,0.8181818181818182,0
5968,North Dakota,Omaha,30,31,0.2333333333333333,0.1612903225806451,1
140,Arizona,Bellarmine,10,11,0.8,0.1818181818181818,1
5101,North Dakota,South Dakota,17,17,0.2352941176470588,0.7058823529411765,0
4527,Tarleton St.,UTA,28,28,0.4285714285714285,0.3571428571428571,1
534,Seton Hall,UConn,19,20,0.7368421052631579,1.0,0
3534,La Salle,Richmond,30,31,0.6,0.8064516129032258,0
2916,Niagara,St. Bonaventure,0,1,0.0,1.0,0
152,Hampton,Newport News,0,0,0.0,0.0,1
5756,Manhattan,Rhode Island,0,0,0.0,0.0,1
322,Grambling,LeTourneau,12,1,0.1666666666666666,0.0,1
2923,Campbell,Tulane,0,0,0.0,0.0,1
276,Tennessee St.,Vanderbilt,5,5,0.2,1.0,0
5022,Idaho St.,Sacramento St.,29,31,0.6551724137931034,0.4516129032258064,1
6019,American,Colgate,17,17,0.2352941176470588,0.2941176470588235,0
584,Lindenwood,Tennessee St.,20,18,0.7,0.1666666666666666,1
3037,Akron,Ohio,13,11,0.2307692307692307,0.6363636363636364,0
3697,Roosevelt,Western Mich.,0,4,0.0,0.25,0
4963,Houston Christian,McNeese,10,12,0.4,0.6666666666666666,0
992,La.-Monroe,Troy,16,16,0.5,0.8125,0
3579,North Texas,Rice,23,23,0.5652173913043478,0.8695652173913043,0
2534,Louisiana Tech,Sam Houston,26,26,0.8076923076923077,0.6153846153846154,1
3286,Charleston,New Mexico St.,5,4,1.0,0.25,1
59,LSU,Oklahoma,30,30,0.8666666666666667,0.8,1
1450,Dartmouth,Yale,22,22,0.4545454545454545,0.2272727272727272,1
5278,Boston College,Massachusetts,6,4,0.5,1.0,0
1593,Columbia,Dartmouth,23,23,0.7391304347826086,0.4347826086956521,1
4701,Coppin St.,Morgan St.,30,29,0.3,0.1379310344827586,1
4599,App. St.,Old Dominion,15,17,0.5333333333333333,0.5882352941176471,0
780,Florida St.,Louisville,25,27,0.36,0.8518518518518519,0
1668,Chapman,Loyola Marymount,1,8,0.0,0.5,0
265,Maryland,Purdue,27,26,0.7777777777777778,0.4615384615384615,1
1606,Notre Dame,Virginia,23,23,0.6521739130434783,0.6956521739130435,0
402,Northern Ariz.,Park (AZ),10,1,0.1,0.0,1
4977,Texas A&M,West Virginia,7,11,0.8571428571428571,0.8181818181818182,1
4992,Binghamton,San Diego,6,8,0.5,0.375,1
5679,Rice,UCF,7,7,0.7142857142857143,0.7142857142857143,1
4029,Coppin St.,Md.-East. Shore,18,20,0.2222222222222222,0.5,0
3651,Mercer,Tulane,13,11,0.6153846153846154,0.4545454545454545,1
716,Florida,Missouri,20,20,0.6,0.65,0
4844,Buffalo,St. Bonaventure,4,4,0.25,1.0,0
4922,Central Conn St,Wagner,19,19,0.0,0.4736842105263157,0
3476,Indiana,Western Mich.,8,5,0.875,0.2,1
3359,Oakland,Robert Morris,27,27,0.3333333333333333,0.6296296296296297,0
898,Berkeley,LIU,0,10,0.0,0.4,0
2067,App. St.,La.-Monroe,20,21,0.5,0.4285714285714285,1
794,James Madison,South Ala.,23,20,0.6521739130434783,0.45,1
2718,Maryland,UNC,32,34,0.75,0.7941176470588235,0
1551,Boston College,Mass.-Lowell,2,1,0.5,1.0,0
4647,Evansville,Northern Ill.,6,6,0.1666666666666666,0.3333333333333333,0
5201,Alcorn St.,Grambling,19,20,0.5263157894736842,0.3,1
575,Cincinnati,Kansas St.,30,31,0.3666666666666666,0.4838709677419355,0
1670,Mercyhurst,Mt. St. Mary's,9,8,0.0,0.375,0
4,Saint Louis,Stl Pharmacy,13,0,0.4615384615384615,0.0,1
1953,Baylor,Kansas,17,16,0.8235294117647058,0.6875,1
3073,Bradley,Missouri,5,7,0.6,0.7142857142857143,0
3304,Drexel,Penn,2,2,1.0,1.0,1
3637,Ill.-Chicago,Indiana St.,14,13,0.4285714285714285,0.3846153846153846,1
1816,Houston,Iowa St.,12,13,0.5,1.0,0
3562,Middle Tenn.,Western Ky.,25,24,0.56,0.25,1
2872,Detroit Mercy,IU Indy,7,8,0.2857142857142857,0.375,0
5048,UTSA,Wichita St.,24,26,0.5,0.1923076923076923,1
4752,Radford,UNCA,21,20,0.5714285714285714,0.4,1
4512,Cal St Bakersfield,Utah Valley,0,0,0.0,0.0,1
352,Providence,South Carolina,13,13,0.6153846153846154,0.9230769230769232,0
3542,Oregon,Washington,30,28,0.6666666666666666,0.6785714285714286,0
2201,Air Force,San Jose St.,24,25,0.4583333333333333,0.12,1
3617,Abilene Christ.,Cal Baptist,17,18,0.7058823529411765,0.6111111111111112,1
3754,Seattle,Washington St.,27,29,0.1851851851851851,0.1724137931034483,1
2396,Illinois,Oregon,22,24,0.7272727272727273,0.7083333333333334,1
1887,James Madison,South Ala.,31,33,0.7419354838709677,0.4848484848484848,1
546,Denver,Metro St. Denver,9,0,0.3333333333333333,0.0,1
2921,Stony Brook,Syracuse,0,0,0.0,0.0,1
4480,Fla. Gulf Coast,Stanford,4,7,0.25,1.0,0
1029,Nicholls St.,Southern Miss.,5,5,0.6,1.0,0
2592,Long Beach State,UC Riverside,19,19,0.1052631578947368,0.3157894736842105,0
5670,Ga Tech,Wake Forest,11,11,0.3636363636363636,0.8181818181818182,0
4328,Cal Baptist,Pacific,1,1,1.0,1.0,1
4919,Campbell,William & Mary,21,18,0.6190476190476191,0.5555555555555556,1
4667,Loyola (LA),New Orleans,0,3,0.0,0.0,1
2368,DePaul,Xavier,28,26,0.2142857142857142,0.4230769230769231,0
3523,Binghamton,La Salle,32,31,0.625,0.5806451612903226,1
3701,Incarnate Word,Rice,4,4,0.25,0.5,0
4156,Marist,Siena,29,28,0.3793103448275862,0.4285714285714285,0
4126,Cal St Fullerton,Cleveland St.,1,1,0.0,1.0,0
2340,San Diego St.,UCLA,0,0,0.0,0.0,1
1881,Air Force,Northern Colo.,34,32,0.4705882352941176,0.6875,0
3289,Kentucky,Louisville,6,5,1.0,0.8,1
2604,Colorado St.,San Jose St.,18,18,0.7777777777777778,0.1111111111111111,1
3010,Boston College,Cal,20,19,0.2,0.5263157894736842,0
1526,Maine-Fort Kent,Mass.-Lowell,0,6,0.0,0.3333333333333333,0
5944,Auburn,Rutgers,5,5,1.0,0.8,1
933,Montana,Washington,2,1,0.5,1.0,0
1185,Georgetown,UConn,30,31,0.4666666666666667,1.0,0
4767,Charlotte,Tulsa,17,16,0.4705882352941176,0.6875,0
1632,Fairfield,Niagara,18,17,0.8333333333333334,0.0,1
5426,Grand Canyon,Wyoming,29,28,0.4137931034482758,0.3214285714285714,1
2190,Rice,Temple,27,26,0.8888888888888888,0.4615384615384615,1
2580,Drexel,Hampton,20,21,0.65,0.4285714285714285,1
1145,DePaul,Marquette,8,7,0.25,0.5714285714285714,0
3152,Kennesaw St.,Sam Houston,24,23,0.5,0.6521739130434783,0
3920,NC State,USC,1,1,1.0,1.0,1
1824,Minnesota,Wyoming,10,8,0.7,0.375,1
96,Haskell (KS),UMKC,2,11,0.0,0.1818181818181818,0
4178,FIU,Sam Houston,23,22,0.6086956521739131,0.6818181818181818,0
4448,New Haven,Stonehill,11,11,0.1818181818181818,0.3636363636363636,0
1597,North Dakota St.,South Dakota,26,27,0.9230769230769232,0.7777777777777778,1
4520,Army,Lafayette,29,29,0.7931034482758621,0.3793103448275862,1
2079,Bryant,NJIT,18,18,0.7777777777777778,0.6666666666666666,1
939,Cal Poly,UC-Santa Cruz,0,0,0.0,0.0,1
847,Duke,LSU,34,34,0.7647058823529411,0.8529411764705882,0
333,Cleveland St.,Pitt.-Johnstown,2,0,1.0,0.0,1
2700,Arizona,UC Irvine,1,1,1.0,1.0,1
690,Cleary,Oakland,0,0,0.0,0.0,1
4962,Colgate,Lafayette,11,11,0.3636363636363636,0.3636363636363636,1
5241,Ga Tech,Virginia,16,15,0.4375,0.8,0
854,North Dakota St.,Omaha,29,32,0.896551724137931,0.1875,1
4738,Lamar,McNeese,19,21,0.6842105263157895,0.8095238095238095,0
2472,Georgetown,Villanova,7,8,0.7142857142857143,0.75,0
613,Eastern Ill.,Louisville,5,6,0.0,0.6666666666666666,0
2600,IU Indy,Northern Ky.,18,21,0.3888888888888889,0.4761904761904761,0
2651,East Carolina,UNCA,10,10,0.5,0.3,1
1750,Pepperdine,Santa Clara,27,28,0.5925925925925926,0.75,0
3069,N.C. A&T,N.C. Central,6,7,0.3333333333333333,0.1428571428571428,1
480,Eastern Ill.,Western Ill.,25,23,0.16,0.8260869565217391,0
621,Murray St.,South Dakota St.,1,2,1.0,1.0,1
2030,Belmont,Ill.-Chicago,30,30,0.6333333333333333,0.4666666666666667,1
4324,Green Bay,North Dakota,2,2,1.0,0.0,1
446,Bryant,Georgian Court,11,1,0.7272727272727273,0.0,1
5128,Alcorn St.,Auburn,9,12,0.3333333333333333,0.75,0
4135,Notre Dame,Vanderbilt,34,33,0.7058823529411765,0.8787878787878788,0
2961,Oklahoma St.,Utah,27,26,0.7407407407407407,0.6538461538461539,1
4465,Denver,Eastern Wash.,7,7,0.4285714285714285,0.4285714285714285,1
4684,North Dakota,Youngstown St.,1,1,0.0,1.0,0
3428,Loyola (IL),Saint Louis,15,17,0.3333333333333333,0.4705882352941176,0
4176,Butler,Creighton,26,26,0.3461538461538461,0.4615384615384615,0
2075,Longwood,Radford,18,20,0.7222222222222222,0.55,1
2942,Colgate,Navy,27,26,0.2222222222222222,0.7307692307692307,0
2465,SIU Edwardsville,Valparaiso,8,9,0.625,0.0,1
4440,Central Mich.,Kent St.,13,14,0.6153846153846154,0.3571428571428571,1
549,Bradley,Nebraska,7,7,0.5714285714285714,1.0,0
1362,Fla. Atlantic,Rice,13,14,0.4615384615384615,0.7857142857142857,0
3410,St. John's (NY),Villanova,21,19,0.7142857142857143,0.7894736842105263,0
2447,Marist,Quinnipiac,11,10,0.2727272727272727,0.6,0
2925,Pepperdine,South Dakota,33,33,0.6363636363636364,0.7272727272727273,0
4828,Cal Lutheran,UC Riverside,0,5,0.0,0.0,1
2650,Colorado,Miami (OH),10,10,0.7,0.7,1
5690,Long Beach State,Sacramento St.,3,4,0.0,0.75,0
5352,Hampton,UNCW,19,19,0.4210526315789473,0.2631578947368421,1
2812,Eastern Ill.,Western Ill.,17,15,0.1764705882352941,0.8666666666666667,0
3554,Pepperdine,Portland,28,28,0.6071428571428571,0.5714285714285714,1
3475,Campbell,Mercer,9,8,0.4444444444444444,0.625,0
5197,Eastern Ky.,Lipscomb,23,21,0.8260869565217391,0.3809523809523809,1
2505,Lindenwood,Oral Roberts,2,3,0.5,0.6666666666666666,0
4959,Miami (OH),Toledo,13,11,0.6923076923076923,0.5454545454545454,1
3706,Northern Ky.,Toledo,4,3,0.0,0.3333333333333333,0
1921,Indiana,USC,25,24,0.56,0.625,0
298,Indiana,La.-Monroe,10,9,0.8,0.6666666666666666,1
4649,SE Missouri St,San Diego,5,7,0.4,0.2857142857142857,1
2234,Chicago St.,Mercyhurst,20,18,0.2,0.2777777777777778,0
4488,Davidson,Miami (FL),5,3,0.8,1.0,0
728,Indiana St.,Old Dominion,10,12,0.4,0.5833333333333334,0
3769,Eastern Wash.,Sacramento St.,26,26,0.4615384615384615,0.4230769230769231,1
